File Name,Label
up.up .4rc00bjc.ingestion-848d69cd95-ttl72.json,up
right.4rc1rohm.ingestion-848d69cd95-ttl72.json,right
down.4rc0odan.ingestion-848d69cd95-sqbhb.json,down
xcircle right.xcircle right .4p33ove7.ingestion-747dd9454-n7tj6.json.4rcbku0f.ingestion-848d69cd95-lzk2f.json,xcircle right
xcircle left.xcircle left .4p33gtah.ingestion-747dd9454-n7tj6.json.4rcbt5p5.ingestion-848d69cd95-sqbhb.json,xcircle left
xcircle right.xcircle right .4p33rf6u.ingestion-747dd9454-g22vx.json.4rcbkusd.ingestion-848d69cd95-ttl72.json,xcircle right
backward.forward.4p32k0vu.ingestion-747dd9454-g22vx.json.4rcbob6i.ingestion-848d69cd95-sqbhb.json,backward
forward.4rc3gb07.ingestion-848d69cd95-ttl72.json,forward
stop.4rc7a3vo.ingestion-848d69cd95-lzk2f.json,stop
forward.4rc3djvt.ingestion-848d69cd95-sqbhb.json,forward
forward.4rc3a4au.ingestion-848d69cd95-sqbhb.json,forward
up.up .4rc0c8bk.ingestion-848d69cd95-ttl72.json,up
xcircle left.xcircle left .4p33aj45.ingestion-747dd9454-zd44d.json.4rcbktfr.ingestion-848d69cd95-sqbhb.json,xcircle left
down.4rc0lqar.ingestion-848d69cd95-ttl72.json,down
up.4p0sp1tt.ingestion-747dd9454-n7tj6.json.4rcbktd1.ingestion-848d69cd95-ttl72.json,up
left.4rc28vn0.ingestion-848d69cd95-sqbhb.json,left
x-circle left.4rcaf4tg.ingestion-848d69cd95-sqbhb.json,x-circle left
backward.4rc5m1km.ingestion-848d69cd95-lzk2f.json,backward
left.4rc2f5o2.ingestion-848d69cd95-ttl72.json,left
xcircle left.xcircle left .4p33fgk9.ingestion-747dd9454-n7tj6.json.4rcbt5k5.ingestion-848d69cd95-sqbhb.json,xcircle left
forward.4rc407sc.ingestion-848d69cd95-lzk2f.json,forward
xcircle right.xcircle right .4p33ng8t.ingestion-747dd9454-n7tj6.json.4rcbktu1.ingestion-848d69cd95-sqbhb.json,xcircle right
backward.4rc4bh5j.ingestion-848d69cd95-lzk2f.json,backward
backward.4rc45sl5.ingestion-848d69cd95-ttl72.json,backward
x-circle left.4rca2i9s.ingestion-848d69cd95-lzk2f.json,x-circle left
left.4rc2us2i.ingestion-848d69cd95-lzk2f.json,left
backward.4rc672ce.ingestion-848d69cd95-lzk2f.json,backward
xcircle left.xcircle left .4p33c17i.ingestion-747dd9454-zd44d.json.4rcbktgh.ingestion-848d69cd95-lzk2f.json,xcircle left
left.4rc2i717.ingestion-848d69cd95-lzk2f.json,left
left.4rc2se9d.ingestion-848d69cd95-ttl72.json,left
up.up .4rc040s2.ingestion-848d69cd95-ttl72.json,up
forward.4p328t7j.ingestion-747dd9454-zd44d.json.4rcc1ark.ingestion-848d69cd95-sqbhb.json,forward
up.up .4rc06k3c.ingestion-848d69cd95-lzk2f.json,up
xcircle left.xcircle left .4p33fve8.ingestion-747dd9454-g22vx.json.4rcbktjk.ingestion-848d69cd95-ttl72.json,xcircle left
x-circle left.4rc9skh4.ingestion-848d69cd95-lzk2f.json,x-circle left
right.4p311o03.ingestion-747dd9454-g22vx.json.4rcbt53b.ingestion-848d69cd95-lzk2f.json,right
xcircle right.xcircle right .4p33mi6j.ingestion-747dd9454-g22vx.json.4rcbktsd.ingestion-848d69cd95-lzk2f.json,xcircle right
xcircle left.xcircle left .4p33a3js.ingestion-747dd9454-g22vx.json.4rcbktfm.ingestion-848d69cd95-lzk2f.json,xcircle left
xcircle left.xcircle left .4p33hdh6.ingestion-747dd9454-g22vx.json.4rcbktks.ingestion-848d69cd95-lzk2f.json,xcircle left
down.down .4p0t12e6.ingestion-747dd9454-g22vx.json.4rcbkrqk.ingestion-848d69cd95-sqbhb.json,down
x-circle left.4rcagi1s.ingestion-848d69cd95-ttl72.json,x-circle left
right.4rc25c04.ingestion-848d69cd95-lzk2f.json,right
up.4p0snm97.ingestion-747dd9454-n7tj6.json.4rcbt59a.ingestion-848d69cd95-sqbhb.json,up
xcircle left.xcircle left .4p33egbl.ingestion-747dd9454-g22vx.json.4rcbt5ic.ingestion-848d69cd95-ttl72.json,xcircle left
down.4rc0u70v.ingestion-848d69cd95-sqbhb.json,down
x-circle right.4rc8v4ao.ingestion-848d69cd95-ttl72.json,x-circle right
right.4rc1fhfg.ingestion-848d69cd95-ttl72.json,right
xcircle right.xcircle right .4p33lj9v.ingestion-747dd9454-zd44d.json.4rcbktrl.ingestion-848d69cd95-sqbhb.json,xcircle right
left.left .4p30jpp9.ingestion-747dd9454-g22vx.json.4rcbkrt6.ingestion-848d69cd95-ttl72.json,left
x-circle left.4rc9t27o.ingestion-848d69cd95-ttl72.json,x-circle left
right.4rc22d3m.ingestion-848d69cd95-ttl72.json,right
x-circle left.4rca0c3a.ingestion-848d69cd95-sqbhb.json,x-circle left
down.down .4p0t1gqt.ingestion-747dd9454-zd44d.json.4rcc1alm.ingestion-848d69cd95-sqbhb.json,down
xcircle right.xcircle right .4p33pvhc.ingestion-747dd9454-g22vx.json.4rcbku71.ingestion-848d69cd95-ttl72.json,xcircle right
down.4rc130h8.ingestion-848d69cd95-sqbhb.json,down
x-circle right.4rc8eid2.ingestion-848d69cd95-sqbhb.json,x-circle right
down.down .4p0t2p4o.ingestion-747dd9454-zd44d.json.4rcbt4sa.ingestion-848d69cd95-ttl72.json,down
down.4rc0qpco.ingestion-848d69cd95-lzk2f.json,down
xcircle right.xcircle right .4p33sseh.ingestion-747dd9454-n7tj6.json.4rcbkuve.ingestion-848d69cd95-sqbhb.json,xcircle right
xcircle left.xcircle left .4p33b1qc.ingestion-747dd9454-n7tj6.json.4rcc1be8.ingestion-848d69cd95-ttl72.json,xcircle left
backward.4rc5tucm.ingestion-848d69cd95-sqbhb.json,backward
left.4rc2bu24.ingestion-848d69cd95-lzk2f.json,left
right.4rc1vma0.ingestion-848d69cd95-lzk2f.json,right
xcircle right.xcircle right .4p33jhod.ingestion-747dd9454-zd44d.json.4rcbktp3.ingestion-848d69cd95-sqbhb.json,xcircle right
down.4rc0t8ak.ingestion-848d69cd95-lzk2f.json,down
x-circle left.4rcacrme.ingestion-848d69cd95-lzk2f.json,x-circle left
up.up .4rbvl7pv.ingestion-848d69cd95-ttl72.json,up
forward.4rc3lbe8.ingestion-848d69cd95-lzk2f.json,forward
forward.4rc3ra00.ingestion-848d69cd95-lzk2f.json,forward
backward.4rc430bc.ingestion-848d69cd95-sqbhb.json,backward
x-circle right.4rc8mtcp.ingestion-848d69cd95-lzk2f.json,x-circle right
stop.4p337osf.ingestion-747dd9454-g22vx.json.4rcc1b88.ingestion-848d69cd95-sqbhb.json,stop
backward.4rc6352q.ingestion-848d69cd95-sqbhb.json,backward
stop.4rc7eqm0.ingestion-848d69cd95-lzk2f.json,stop
forward.4rc37cj3.ingestion-848d69cd95-ttl72.json,forward
x-circle left.4rca7asv.ingestion-848d69cd95-ttl72.json,x-circle left
stop.4rc7j3ct.ingestion-848d69cd95-sqbhb.json,stop
stop.4rc7mujm.ingestion-848d69cd95-ttl72.json,stop
forward.4p32hdg4.ingestion-747dd9454-n7tj6.json.4rcbt4vh.ingestion-848d69cd95-lzk2f.json,forward
xcircle left.xcircle left .4p33cvkd.ingestion-747dd9454-g22vx.json.4rcbkti9.ingestion-848d69cd95-sqbhb.json,xcircle left
x-circle left.4rca4spn.ingestion-848d69cd95-sqbhb.json,x-circle left
stop.4rc7f7sj.ingestion-848d69cd95-ttl72.json,stop
x-circle left.4rcadamk.ingestion-848d69cd95-ttl72.json,x-circle left
x-circle left.4rc9u0q0.ingestion-848d69cd95-lzk2f.json,x-circle left
xcircle left.xcircle left .4p33ibgq.ingestion-747dd9454-n7tj6.json.4rcbob9t.ingestion-848d69cd95-ttl72.json,xcircle left
stop.4rc7pkcn.ingestion-848d69cd95-lzk2f.json,stop
down.down .4p0t4eg6.ingestion-747dd9454-zd44d.json.4rcbkrns.ingestion-848d69cd95-lzk2f.json,down
forward.4rc3qpf4.ingestion-848d69cd95-sqbhb.json,forward
xcircle right.xcircle right .4p33qf18.ingestion-747dd9454-zd44d.json.4rcbkuci.ingestion-848d69cd95-lzk2f.json,xcircle right
right.4rc1s79g.ingestion-848d69cd95-sqbhb.json,right
x-circle right.4rc8glga.ingestion-848d69cd95-sqbhb.json,x-circle right
x-circle right.4rc8vjjd.ingestion-848d69cd95-sqbhb.json,x-circle right
forward.4rc417d5.ingestion-848d69cd95-sqbhb.json,forward
right.4rc1lqs8.ingestion-848d69cd95-sqbhb.json,right
up.up .4rbvmn7f.ingestion-848d69cd95-lzk2f.json,up
right.4rc1pquv.ingestion-848d69cd95-lzk2f.json,right
up.up .4rc099ht.ingestion-848d69cd95-sqbhb.json,up
stop.4rc7tbmm.ingestion-848d69cd95-ttl72.json,stop
left.4rc2kpm2.ingestion-848d69cd95-sqbhb.json,left
up.up .4rbvq0fe.ingestion-848d69cd95-lzk2f.json,up
stop.4rc771gr.ingestion-848d69cd95-sqbhb.json,stop
stop.4p333u0u.ingestion-747dd9454-zd44d.json.4rcbksqq.ingestion-848d69cd95-lzk2f.json,stop
xcircle right.xcircle right .4p33og28.ingestion-747dd9454-zd44d.json.4rcbobcb.ingestion-848d69cd95-ttl72.json,xcircle right
x-circle right.4rc8c8lo.ingestion-848d69cd95-lzk2f.json,x-circle right
right.4rc1ost5.ingestion-848d69cd95-ttl72.json,right
x-circle right.4rc8qet6.ingestion-848d69cd95-ttl72.json,x-circle right
x-circle right.4rc93bct.ingestion-848d69cd95-lzk2f.json,x-circle right
backward.4rc5rk2q.ingestion-848d69cd95-sqbhb.json,backward
forward.4rc3c2u0.ingestion-848d69cd95-lzk2f.json,forward
stop.4rc7tvm9.ingestion-848d69cd95-sqbhb.json,stop
x-circle right.4rc8k302.ingestion-848d69cd95-lzk2f.json,x-circle right
forward.4rc3sra0.ingestion-848d69cd95-lzk2f.json,forward
left.4rc31a1m.ingestion-848d69cd95-sqbhb.json,left
xcircle right.xcircle right .4p33k5nv.ingestion-747dd9454-n7tj6.json.4rcbobc2.ingestion-848d69cd95-lzk2f.json,xcircle right
left.4rc2nkdl.ingestion-848d69cd95-sqbhb.json,left
xcircle left.xcircle left .4p33dtvd.ingestion-747dd9454-n7tj6.json.4rcbktic.ingestion-848d69cd95-ttl72.json,xcircle left
right.4rc1kd4g.ingestion-848d69cd95-sqbhb.json,right
up.up .4rc0dufg.ingestion-848d69cd95-ttl72.json,up
left.left .4p30mvnk.ingestion-747dd9454-g22vx.json.4rcbkrtj.ingestion-848d69cd95-ttl72.json,left
up.up .4rc01jtn.ingestion-848d69cd95-lzk2f.json,up
